,xName,Manning Name,HGNC Name,Kinase Name,Group,Family,SubFamily,UniprotID,chembl_targets
0,ABL1,ABL,ABL1,Tyrosine-protein kinase ABL1,TK,Abl,,P00519,CHEMBL1862
1,ACK,ACK,TNK2,Activated CDC42 kinase 1,TK,Ack,,Q07912,CHEMBL4599
2,ACTR2,ACTR2,ACVR2A,Activin receptor type-2A,TKL,STKR,STKR2,P27037,CHEMBL5616
3,ACTR2B,ACTR2B,ACVR2B,Activin receptor type-2B,TKL,STKR,STKR2,Q13705,CHEMBL5466
4,ADCK4,ADCK4,ADCK4,Uncharacterized aarF domain-containing protein kinase 4,Atypical,ABC1,ABC1-A,Q96D53,CHEMBL5753
6,BRSK2,BRSK2,BRSK2,Serine/threonine-protein kinase BRSK2,CAMK,CAMKL,BRSK,Q8IWQ3,CHEMBL4574
7,Wnk2,Wnk2,WNK2,Serine/threonine-protein kinase WNK2,Other,WNK,,Q9Y3S1,CHEMBL5639
8,AKT1,AKT1,AKT1,RAC-alpha serine/threonine-protein kinase,AGC,Akt,,P31749,CHEMBL4282
9,AKT2,AKT2,AKT2,RAC-beta serine/threonine-protein kinase,AGC,Akt,,P31751,CHEMBL2431
10,AKT3,AKT3,AKT3,RAC-gamma serine/threonine-protein kinase,AGC,Akt,,Q9Y243,CHEMBL4816
11,CaMK1g,CaMK1g,CAMK1G,Calcium/calmodulin-dependent protein kinase type 1G,CAMK,CAMK1,,Q96NX5,CHEMBL5258
12,ALK,ALK,ALK,ALK tyrosine kinase receptor,TK,ALK,,Q9UM73,CHEMBL4247
13,ALK1,ALK1,ACVRL1,Serine/threonine-protein kinase receptor R3,TKL,STKR,STKR1,P37023,CHEMBL5311
14,ALK2,ALK2,ACVR1,Activin receptor type-1,TKL,STKR,STKR1,Q04771,CHEMBL5903
15,BMPR1A,BMPR1A,BMPR1A,Bone morphogenetic protein receptor type-1A,TKL,STKR,STKR1,P36894,CHEMBL5275
16,ALK4,ALK4,ACVR1B,Activin receptor type-1B,TKL,STKR,STKR1,P36896,CHEMBL5310
17,TGFbR1,TGFbR1,TGFBR1,TGF-beta receptor type-1,TKL,STKR,STKR1,P36897,CHEMBL4439
18,BMPR1B,BMPR1B,BMPR1B,Bone morphogenetic protein receptor type-1B,TKL,STKR,STKR1,O00238,CHEMBL5476
19,AMPKa1,AMPKa1,PRKAA1,5'-AMP-activated protein kinase catalytic subunit alpha-1,CAMK,CAMKL,AMPK,Q13131,CHEMBL4045
20,AMPKa2,AMPKa2,PRKAA2,5'-AMP-activated protein kinase catalytic subunit alpha-2,CAMK,CAMKL,AMPK,P54646,CHEMBL2116
21,ANPa,ANPa,NPR1,Atrial natriuretic peptide receptor 1,RGC,RGC,,P16066,CHEMBL1988
23,ARAF,ARAF,ARAF,Serine/threonine-protein kinase A-Raf,TKL,RAF,,P10398,CHEMBL1169596
24,ABL2,ARG,ABL2,Abelson tyrosine-protein kinase 2,TK,Abl,,P42684,CHEMBL4014
25,ATM,ATM,ATM,Serine-protein kinase ATM,Atypical,PIKK,ATM,Q13315,CHEMBL3797
26,ATR,ATR,ATR,Serine/threonine-protein kinase ATR,Atypical,PIKK,ATR,Q13535,CHEMBL5024
27,AurC,AurC,AURKC,Aurora kinase C,Other,Aur,,Q9UQB9,CHEMBL3935
28,AXL,AXL,AXL,Tyrosine-protein kinase receptor UFO,TK,Axl,,P30530,CHEMBL4895
29,BARK1,BARK1,ADRBK1,Beta-adrenergic receptor kinase 1,AGC,GRK,BARK,P25098,CHEMBL4079
31,GCK,GCK,MAP4K2,Mitogen-activated protein kinase kinase kinase kinase 2,STE,STE20,KHS,Q12851,CHEMBL5330
32,BLK,BLK,BLK,Tyrosine-protein kinase Blk,TK,Src,,P51451,CHEMBL2250
33,BRAF,BRAF,BRAF,Serine/threonine-protein kinase B-raf,TKL,RAF,,P15056,CHEMBL5145
34,BRK,BRK,PTK6,Protein-tyrosine kinase 6,TK,Src,,Q13882,CHEMBL4601
35,BTK,BTK,BTK,Tyrosine-protein kinase BTK,TK,Tec,,Q06187,CHEMBL5251
36,BUBR1,BUBR1,BUB1B,Mitotic checkpoint serine/threonine-protein kinase BUB1 beta,Other,BUB,,O60566,CHEMBL4295998
37,CDK7,CDK7,CDK7,Cyclin-dependent kinase 7,CMGC,CDK,CDK7,P50613,CHEMBL3055
38,CaMK1a,CaMK1a,CAMK1,Calcium/calmodulin-dependent protein kinase type 1,CAMK,CAMK1,,Q14012,CHEMBL2493
39,CaMK2a,CaMK2a,CAMK2A,Calcium/calmodulin-dependent protein kinase type II subunit alpha,CAMK,CAMK2,,Q9UQM7,CHEMBL4147
40,CaMK2b,CaMK2b,CAMK2B,Calcium/calmodulin-dependent protein kinase type II subunit beta,CAMK,CAMK2,,Q13554,CHEMBL4121
41,CaMK2g,CaMK2g,CAMK2G,Calcium/calmodulin-dependent protein kinase (CaM kinase) II gamma,CAMK,CAMK2,,Q13555,CHEMBL3829
42,CaMK4,CaMK4,CAMK4,Calcium/calmodulin-dependent protein kinase type IV,CAMK,CAMK1,,Q16566,CHEMBL2494
44,DCAMKL1,DCAMKL1,DCLK1,Serine/threonine-protein kinase DCLK1,CAMK,DCAMKL,,O15075,CHEMBL5683
45,CASK,CASK,CASK,Peripheral plasma membrane protein CASK,CAMK,CASK,,O14936,CHEMBL1908381
46,CDC2,CDC2,CDK1,Cyclin-dependent kinase 1,CMGC,CDK,CDC2,P06493,CHEMBL308
47,CDC7,CDC7,CDC7,Cell division cycle 7-related protein kinase,Other,CDC7,,O00311,CHEMBL5443
48,CDK2,CDK2,CDK2,Cyclin-dependent kinase 2,CMGC,CDK,CDK2,P24941,CHEMBL301
49,CDK3,CDK3,CDK3,Cyclin-dependent kinase 3,CMGC,CDK,CDK2,Q00526,CHEMBL4442
50,CDK4,CDK4,CDK4,Cyclin-dependent kinase 4,CMGC,CDK,CDK4,P11802,CHEMBL331
51,CDK5,CDK5,CDK5,Cyclin-dependent kinase 5,CMGC,CDK,CDK5,Q00535,CHEMBL4036
52,CDK6,CDK6,CDK6,Cyclin-dependent kinase 6,CMGC,CDK,CDK4,Q00534,CHEMBL2508
53,CDK8,CDK8,CDK8,Cyclin-dependent kinase 8,CMGC,CDK,CDK8,P49336,CHEMBL5719
54,PKG1,PKG1,PRKG1,cGMP-dependent protein kinase,AGC,PKG,,Q13976,CHEMBL4273
55,PKG2,PKG2,PRKG2,cGMP-dependent protein kinase 2,AGC,PKG,,Q13237,CHEMBL2896
56,CHED,CHED,CDK13,Cyclin-dependent kinase 13,CMGC,CDK,CRK7,Q14004,CHEMBL1795192
57,CHK1,CHK1,CHEK1,Serine/threonine-protein kinase Chk1,CAMK,CAMKL,CHK1,O14757,CHEMBL4630
58,CHK2,CHK2,CHEK2,Serine/threonine-protein kinase Chk2,CAMK,RAD53,,O96017,CHEMBL2527
59,CK1a,CK1a,CSNK1A1,Casein kinase I isoform alpha,CK1,CK1,,P48729,CHEMBL2793
60,CK1d,CK1d,CSNK1D,Casein kinase I isoform delta,CK1,CK1,,P48730,CHEMBL2828
61,CK1e,CK1e,CSNK1E,Casein kinase I isoform epsilon,CK1,CK1,,P49674,CHEMBL4937
62,CK1g2,CK1g2,CSNK1G2,Casein kinase I isoform gamma-2,CK1,CK1,,P78368,CHEMBL2543
63,CK1g3,CK1g3,CSNK1G3,Casein kinase I isoform gamma-3,CK1,CK1,,Q9Y6M4,CHEMBL5084
64,CK2a1,CK2a1,CSNK2A1,Casein kinase II subunit alpha,CMGC,CK2,,P68400,CHEMBL3629
65,CK2a2,CK2a2,CSNK2A2,Casein kinase II subunit alpha',CMGC,CK2,,P19784,CHEMBL4070
66,CLK1,CLK1,CLK1,Dual specificity protein kinase CLK1,CMGC,CLK,,P49759,CHEMBL4224
67,CLK2,CLK2,CLK2,Dual specificity protein kinase CLK2,CMGC,CLK,,P49760,CHEMBL4225
68,CLK3,CLK3,CLK3,Dual specificity protein kinase CLK3,CMGC,CLK,,P49761,CHEMBL4226
69,COT,COT,MAP3K8,Mitogen-activated protein kinase kinase kinase 8,STE,STE-Unique,,P41279,CHEMBL4899
70,FMS,FMS,CSF1R,Macrophage colony-stimulating factor 1 receptor,TK,PDGFR,,P07333,CHEMBL1844
71,CSK,CSK,CSK,Tyrosine-protein kinase CSK,TK,Csk,,P41240,CHEMBL2634
72,MARK3,MARK3,MARK3,MAP/microtubule affinity-regulating kinase 3,CAMK,CAMKL,MARK,P27448,CHEMBL5600
75,DAPK1,DAPK1,DAPK1,Death-associated protein kinase 1,CAMK,DAPK,,P53355,CHEMBL2558
76,DAPK2,DAPK2,DAPK2,Death-associated protein kinase 2,CAMK,DAPK,,Q9UIK4,CHEMBL3123
77,DLK,DLK,MAP3K12,Mitogen-activated protein kinase kinase kinase 12,TKL,MLK,LZK,Q12852,CHEMBL1908389
78,DMPK1,DMPK1,DMPK,Myotonin-protein kinase,AGC,DMPK,GEK,Q09013,CHEMBL5320
79,DMPK2,DMPK2,CDC42BPG,Serine/threonine-protein kinase MRCK gamma,AGC,DMPK,GEK,Q6DT37,CHEMBL5615
80,DNAPK,DNAPK,PRKDC,DNA-dependent protein kinase catalytic subunit,Atypical,PIKK,DNAPK,P78527,CHEMBL3142
81,DYRK1B,DYRK1B,DYRK1B,Dual specificity tyrosine-phosphorylation-regulated kinase 1B,CMGC,DYRK,DYRK1,Q9Y463,CHEMBL5543
82,DYRK2,DYRK2,DYRK2,Dual specificity tyrosine-phosphorylation-regulated kinase 2,CMGC,DYRK,DYRK2,Q92630,CHEMBL4376
83,DYRK4,DYRK4,DYRK4,Dual specificity tyrosine-phosphorylation-regulated kinase 4,CMGC,DYRK,DYRK2,Q9NR20,CHEMBL1075115
84,eEF2K,eEF2K,EEF2K,Eukaryotic elongation factor 2 kinase,Atypical,Alpha,eEF2K,O00418,CHEMBL5026
85,EGFR,EGFR,EGFR,Epidermal growth factor receptor,TK,EGFR,,P00533,CHEMBL203
86,PKR,PKR,EIF2AK2,Interferon-induced,Other,PEK,,P19525,CHEMBL5785
87,MARK2,MARK2,MARK2,Serine/threonine-protein kinase MARK2,CAMK,CAMKL,MARK,Q7KZI7,CHEMBL3831
88,EphA1,EphA1,EPHA1,Ephrin type-A receptor 1,TK,Eph,,P21709,CHEMBL5810
89,EphA2,EphA2,EPHA2,Ephrin type-A receptor 2,TK,Eph,,P29317,CHEMBL2068
90,EphA3,EphA3,EPHA3,Ephrin type-A receptor 3,TK,Eph,,P29320,CHEMBL4954
91,EphA4,EphA4,EPHA4,Ephrin type-A receptor 4,TK,Eph,,P54764,CHEMBL3988
92,EphA5,EphA5,EPHA5,Ephrin type-A receptor 5,TK,Eph,,P54756,CHEMBL3987
93,EphA8,EphA8,EPHA8,Ephrin type-A receptor 8,TK,Eph,,P29322,CHEMBL4134
94,EphB1,EphB1,EPHB1,Ephrin type-B receptor 1,TK,Eph,,P54762,CHEMBL5072
95,EphB2,EphB2,EPHB2,Ephrin type-B receptor 2,TK,Eph,,P29323,CHEMBL3290
96,EphB3,EphB3,EPHB3,Ephrin type-B receptor 3,TK,Eph,,P54753,CHEMBL4901
97,EphB4,EphB4,EPHB4,Ephrin type-B receptor 4,TK,Eph,,P54760,CHEMBL5147
98,EphB6,EphB6,EPHB6,Ephrin type-B receptor 6,TK,Eph,,O15197,CHEMBL5836
99,Erk1,Erk1,MAPK3,Mitogen-activated protein kinase 3,CMGC,MAPK,ERK1,P27361,CHEMBL3385
100,Erk2,Erk2,MAPK1,Mitogen-activated protein kinase 1,CMGC,MAPK,ERK1,P28482,CHEMBL4040
101,Erk3,Erk3,MAPK6,Mitogen-activated protein kinase 6,CMGC,MAPK,ERK3,Q16659,CHEMBL5121
102,Erk4,Erk4,MAPK4,Mitogen-activated protein kinase 4,CMGC,MAPK,ERK3,P31152,CHEMBL5759
103,FAK,FAK,PTK2,Focal adhesion kinase 1,TK,FAK,,Q05397,CHEMBL2695
104,FER,FER,FER,Tyrosine-protein kinase Fer,TK,Fer,,P16591,CHEMBL3982
105,FES,FES,FES,Tyrosine-protein kinase Fes/Fps,TK,Fer,,P07332,CHEMBL5455
106,FGFR1,FGFR1,FGFR1,Fibroblast growth factor receptor 1,TK,FGFR,,P11362,CHEMBL3650
107,FGFR2,FGFR2,FGFR2,Fibroblast growth factor receptor 2,TK,FGFR,,P21802,CHEMBL4142
108,FGFR3,FGFR3,FGFR3,Fibroblast growth factor receptor 3,TK,FGFR,,P22607,CHEMBL2742
109,FGFR4,FGFR4,FGFR4,Fibroblast growth factor receptor 4,TK,FGFR,,P22455,CHEMBL3973
110,FGR,FGR,FGR,Tyrosine-protein kinase Fgr,TK,Src,,P09769,CHEMBL4454
111,FLT3,FLT3,FLT3,Receptor-type tyrosine-protein kinase FLT3,TK,PDGFR,,P36888,CHEMBL1974
112,FLT1,FLT1,FLT1,Vascular endothelial growth factor receptor 1,TK,VEGFR,,P17948,CHEMBL1868
113,FLT4,FLT4,FLT4,Vascular endothelial growth factor receptor 3,TK,VEGFR,,P35916,CHEMBL1955
114,FRAP,FRAP,MTOR,Serine/threonine-protein kinase mTOR,Atypical,PIKK,FRAP,P42345,CHEMBL2842
115,FYN,FYN,FYN,Tyrosine-protein kinase Fyn,TK,Src,,P06241,CHEMBL1841
116,GAK,GAK,GAK,Cyclin-G-associated kinase,Other,NAK,,O14976,CHEMBL4355
117,GPRK4,GPRK4,GRK4,G protein-coupled receptor kinase 4,AGC,GRK,GRK,P32298,CHEMBL5861
118,GPRK5,GPRK5,GRK5,G protein-coupled receptor kinase 5,AGC,GRK,GRK,P34947,CHEMBL5678
119,GPRK6,GPRK6,GRK6,G protein-coupled receptor kinase 6,AGC,GRK,GRK,P43250,CHEMBL6144
121,GSK3A,GSK3A,GSK3A,Glycogen synthase kinase-3 alpha,CMGC,GSK,,P49840,CHEMBL2850
122,GSK3B,GSK3B,GSK3B,Glycogen synthase kinase-3 beta,CMGC,GSK,,P49841,CHEMBL262
123,HCK,HCK,HCK,Tyrosine-protein kinase HCK,TK,Src,,P08631,CHEMBL3234
124,ErbB2,HER2/ErbB2,ERBB2,Receptor tyrosine-protein kinase erbB-2,TK,EGFR,,P04626,CHEMBL1824
125,ErbB3,HER3/ErbB3,ERBB3,Receptor tyrosine-protein kinase erbB-3,TK,EGFR,,P21860,CHEMBL5838
126,ErbB4,HER4/ErbB4,ERBB4,Receptor tyrosine-protein kinase erbB-4,TK,EGFR,,Q15303,CHEMBL3009
127,HIPK1,HIPK1,HIPK1,Homeodomain-interacting protein kinase 1,CMGC,DYRK,HIPK,Q86Z02,CHEMBL5427
128,HPK1,HPK1,MAP4K1,Mitogen-activated protein kinase kinase kinase kinase 1,STE,STE20,KHS,Q92918,CHEMBL5749
129,HSER,HSER,GUCY2C,Heat-stable enterotoxin receptor,RGC,RGC,,P25092,CHEMBL1795197
130,IGF1R,IGF1R,IGF1R,Insulin-like growth factor 1 receptor,TK,InsR,,P08069,CHEMBL1957
131,IKKa,IKKa,CHUK,Inhibitor of nuclear factor kappa-B kinase subunit alpha,Other,IKK,,O15111,CHEMBL3476
132,IKKb,IKKb,IKBKB,Inhibitor of nuclear factor kappa-B kinase subunit beta,Other,IKK,,O14920,CHEMBL1991
133,ILK,ILK,ILK,Integrin-linked protein kinase,TKL,MLK,ILK,Q13418,CHEMBL5247
134,INSR,INSR,INSR,Insulin receptor,TK,InsR,,P06213,CHEMBL1981
135,IRAK1,IRAK1,IRAK1,Interleukin-1 receptor-associated kinase 1,TKL,IRAK,,P51617,CHEMBL3357
136,IRAK2,IRAK2,IRAK2,Interleukin-1 receptor-associated kinase-like 2,TKL,IRAK,,O43187,CHEMBL4105759
137,IRAK3,IRAK3,IRAK3,Interleukin-1 receptor-associated kinase 3,TKL,IRAK,,Q9Y616,CHEMBL5081
138,IRE1,IRE1,ERN1,Serine/threonine-protein kinase/endoribonuclease IRE1,Other,IRE,,O75460,CHEMBL1163101
139,IRR,IRR,INSRR,Insulin receptor-related protein,TK,InsR,,P14616,CHEMBL5483
140,ITK,ITK,ITK,Tyrosine-protein kinase ITK/TSK,TK,Tec,,Q08881,CHEMBL2959
141,JAK1,JAK1,JAK1,Tyrosine-protein kinase JAK1,TK,Jak,,P23458,CHEMBL2835
142,JAK2,JAK2,JAK2,Tyrosine-protein kinase JAK2,TK,Jak,,O60674,CHEMBL2971
143,JAK3,JAK3,JAK3,Tyrosine-protein kinase JAK3,TK,Jak,,P52333,CHEMBL2148
144,JNK1,JNK1,MAPK8,Mitogen-activated protein kinase 8,CMGC,MAPK,JNK,P45983,CHEMBL2276
145,JNK2,JNK2,MAPK9,Mitogen-activated protein kinase 9,CMGC,MAPK,JNK,P45984,CHEMBL4179
146,JNK3,JNK3,MAPK10,Mitogen-activated protein kinase 10,CMGC,MAPK,JNK,P53779,CHEMBL2637
147,KHS1,KHS1,MAP4K5,Mitogen-activated protein kinase kinase kinase kinase 5,STE,STE20,KHS,Q9Y4K4,CHEMBL4852
148,IKKe,IKKe,IKBKE,Inhibitor of nuclear factor kappa-B kinase subunit epsilon,Other,IKK,,Q14164,CHEMBL3529
149,NuaK1,NuaK1,NUAK1,NUAK family SNF1-like kinase 1,CAMK,CAMKL,NuaK,O60285,CHEMBL5784
150,MAST3,MAST3,MAST3,Microtubule-associated serine/threonine-protein kinase 3,AGC,MAST,,O60307,CHEMBL2417352
151,Fused,Fused,STK36,Serine/threonine-protein kinase 36,Other,ULK,,Q9NRP7,CHEMBL4312
152,PIM3,PIM3,PIM3,Serine/threonine-protein kinase pim-3,CAMK,PIM,,Q86V86,CHEMBL5407
153,KIT,KIT,KIT,Mast/stem cell growth factor receptor Kit,TK,PDGFR,,P10721,CHEMBL1936
154,CDKL2,CDKL2,CDKL2,Cyclin-dependent kinase-like 2,CMGC,CDKL,,Q92772,CHEMBL5728
155,CDKL1,CDKL1,CDKL1,Cyclin-dependent kinase-like 1,CMGC,CDKL,,Q00532,CHEMBL5789
156,KSR1,KSR1,KSR1,Kinase suppressor of Ras 1,TKL,RAF,KSR,Q8IVT5,CHEMBL1938215
157,LCK,LCK,LCK,Tyrosine-protein kinase Lck,TK,Src,,P06239,CHEMBL258
158,LIMK2,LIMK2,LIMK2,LIM domain kinase 2,TKL,LISK,LIMK,P53671,CHEMBL5932
159,LKB1,LKB1,STK11,Serine/threonine-protein kinase STK11,CAMK,CAMKL,LKB,Q15831,CHEMBL5606
160,LTK,LTK,LTK,Leukocyte tyrosine kinase receptor,TK,ALK,,P29376,CHEMBL5627
161,LYN,LYN,LYN,Tyrosine-protein kinase Lyn,TK,Src,,P07948,CHEMBL3905
162,MAK,MAK,MAK,Serine/threonine-protein kinase MAK,CMGC,RCK,,P20794,CHEMBL1163106
163,MAPKAPK2,MAPKAPK2,MAPKAPK2,MAP kinase-activated protein kinase 2,CAMK,MAPKAPK,MK2,P49137,CHEMBL2208
164,MAPKAPK3,MAPKAPK3,MAPKAPK3,MAP kinase-activated protein kinase 3,CAMK,MAPKAPK,MK2,Q16644,CHEMBL4670
165,MAPKAPK5,MAPKAPK5,MAPKAPK5,MAP kinase-activated protein kinase 5,CAMK,MAPKAPK,MK5,Q8IW41,CHEMBL3094
166,MARK1,MARK1,MARK1,Serine/threonine-protein kinase MARK1,CAMK,CAMKL,MARK,Q9P0L2,CHEMBL5940
167,MAST2,MAST2,MAST2,Microtubule-associated serine/threonine-protein kinase 2,AGC,MAST,,Q6P0Q8,CHEMBL2417355
168,MAP2K1,MAP2K1,MAP2K1,Dual specificity mitogen-activated protein kinase kinase 1,STE,STE7,,Q02750,CHEMBL3587
169,MAP2K2,MAP2K2,MAP2K2,Dual specificity mitogen-activated protein kinase kinase 2,STE,STE7,,P36507,CHEMBL2964
170,MAP2K5,MAP2K5,MAP2K5,Dual specificity mitogen-activated protein kinase kinase 5,STE,STE7,,Q13163,CHEMBL4948
171,MAP2K6,MAP2K6,MAP2K6,Dual specificity mitogen-activated protein kinase kinase 6,STE,STE7,,P52564,CHEMBL2171
172,MAP3K1,MAP3K1,MAP3K1,Mitogen-activated protein kinase kinase kinase 1,STE,STE11,,Q13233,CHEMBL3956
173,MAP3K2,MAP3K2,MAP3K2,Mitogen-activated protein kinase kinase kinase 2,STE,STE11,,Q9Y2U5,CHEMBL5914
174,MAP3K3,MAP3K3,MAP3K3,Mitogen-activated protein kinase kinase kinase 3,STE,STE11,,Q99759,CHEMBL5970
175,MAP3K4,MAP3K4,MAP3K4,Mitogen-activated protein kinase kinase kinase 4,STE,STE11,,Q9Y6R4,CHEMBL4853
176,MAP3K5,MAP3K5,MAP3K5,Mitogen-activated protein kinase kinase kinase 5,STE,STE11,,Q99683,CHEMBL5285
177,MER,MER,MERTK,Tyrosine-protein kinase Mer,TK,Axl,,Q12866,CHEMBL5331
178,MET,MET,MET,Hepatocyte growth factor receptor,TK,Met,,P08581,CHEMBL3717
180,MAP2K7,MAP2K7,MAP2K7,Dual specificity mitogen-activated protein kinase kinase 7,STE,STE7,,O14733,CHEMBL3530
181,smMLCK,smMLCK,MYLK,Myosin light chain kinase,CAMK,MLCK,,Q15746,CHEMBL2428
182,MLK1,MLK1,MAP3K9,Mitogen-activated protein kinase kinase kinase 9,TKL,MLK,MLK,P80192,CHEMBL2872
183,MLK2,MLK2,MAP3K10,Mitogen-activated protein kinase kinase kinase 10,TKL,MLK,MLK,Q02779,CHEMBL2873
184,DYRK1A,DYRK1A,DYRK1A,Dual specificity tyrosine-phosphorylation-regulated kinase 1A,CMGC,DYRK,DYRK1,Q13627,CHEMBL2292
185,MNK1,MNK1,MKNK1,MAP kinase-interacting serine/threonine-protein kinase 1,CAMK,MAPKAPK,MNK,Q9BUB5,CHEMBL4718
186,MNK2,MNK2,MKNK2,MAP kinase-interacting serine/threonine-protein kinase 2,CAMK,MAPKAPK,MNK,Q9HBH9,CHEMBL4204
187,MOS,MOS,MOS,Proto-oncogene serine/threonine-protein kinase mos,Other,MOS,,P00540,CHEMBL1075184
188,MAP2K3,MAP2K3,MAP2K3,Dual specificity mitogen-activated protein kinase kinase 3,STE,STE7,,P46734,CHEMBL2109
189,MAP2K4,MAP2K4,MAP2K4,Dual specificity mitogen-activated protein kinase kinase 4,STE,STE7,,P45985,CHEMBL2897
190,MRCKb,MRCKb,CDC42BPB,Serine/threonine-protein kinase MRCK beta,AGC,DMPK,GEK,Q9Y5S2,CHEMBL5052
191,MSK1,MSK1,RPS6KA5,Ribosomal protein S6 kinase alpha-5,AGC,RSK,MSK,O75582,CHEMBL4237
192,MSK2,MSK2,RPS6KA4,Ribosomal protein S6 kinase alpha-4,AGC,RSK,MSK,O75676,CHEMBL3125
193,MST1,MST1,STK4,Serine/threonine-protein kinase 4,STE,STE20,MST,Q13043,CHEMBL4598
194,MST2,MST2,STK3,Serine/threonine-protein kinase 3,STE,STE20,MST,Q13188,CHEMBL4708
195,MST3,MST3,STK24,Serine/threonine-protein kinase 24,STE,STE20,YSK,Q9Y6E0,CHEMBL5082
196,MUSK,MUSK,MUSK,Muscle,TK,Musk,,O15146,CHEMBL5684
197,MYT1,MYT1,PKMYT1,Membrane-associated tyrosine- and threonine-specific cdc2-inhibitory kinase,Other,WEE,,Q99640,CHEMBL3984
198,NDR1,NDR1,STK38,Serine/threonine-protein kinase 38,AGC,NDR,,Q15208,CHEMBL1075155
199,NEK1,NEK1,NEK1,Serine/threonine-protein kinase Nek1,Other,NEK,,Q96PY6,CHEMBL5855
200,NEK2,NEK2,NEK2,Serine/threonine-protein kinase Nek2,Other,NEK,,P51955,CHEMBL3835
201,NEK3,NEK3,NEK3,Serine/threonine-protein kinase Nek3,Other,NEK,,P51956,CHEMBL5679
202,NIK,NIK,MAP3K14,Mitogen-activated protein kinase kinase kinase 14,STE,STE-Unique,,Q99558,CHEMBL5888
203,NLK,NLK,NLK,Serine/threonine-protein kinase NLK,CMGC,MAPK,nmo,Q9UBE8,CHEMBL5364
204,NEK4,NEK4,NEK4,Serine/threonine-protein kinase Nek4,Other,NEK,,P51957,CHEMBL5819
205,IRAK4,IRAK4,IRAK4,Interleukin-1 receptor-associated kinase 4,TKL,IRAK,,Q9NWZ3,CHEMBL3778
206,PIK3R4,PIK3R4,PIK3R4,Phosphoinositide 3-kinase regulatory subunit 4,Other,VPS15,,Q99570,CHEMBL2189144
207,ROCK2,ROCK2,ROCK2,Rho-associated protein kinase 2,AGC,DMPK,ROCK,O75116,CHEMBL2973
208,p38a,p38a,MAPK14,Mitogen-activated protein kinase 14,CMGC,MAPK,p38,Q16539,CHEMBL260
209,p70S6K,p70S6K,RPS6KB1,Ribosomal protein S6 kinase beta-1,AGC,RSK,RSKp70,P23443,CHEMBL4501
210,p70S6Kb,p70S6Kb,RPS6KB2,Ribosomal protein S6 kinase beta-2,AGC,RSK,RSKp70,Q9UBS0,CHEMBL3111
211,PAK1,PAK1,PAK1,Serine/threonine-protein kinase PAK 1,STE,STE20,PAKA,Q13153,CHEMBL4600
212,PAK2,PAK2,PAK2,Serine/threonine-protein kinase PAK 2,STE,STE20,PAKA,Q13177,CHEMBL4487
213,PAK3,PAK3,PAK3,Serine/threonine-protein kinase PAK 3,STE,STE20,PAKA,O75914,CHEMBL2999
214,PKCh,PKCh,PRKCH,Protein kinase C eta type,AGC,PKC,PKCh,P24723,CHEMBL3616
215,PCTAIRE1,PCTAIRE1,CDK16,Cyclin-dependent kinase 16,CMGC,CDK,PCTAIRE,Q00536,CHEMBL4597
216,PCTAIRE2,PCTAIRE2,CDK17,Cyclin-dependent kinase 17,CMGC,CDK,PCTAIRE,Q00537,CHEMBL5790
217,PCTAIRE3,PCTAIRE3,CDK18,Cyclin-dependent kinase 18,CMGC,CDK,PCTAIRE,Q07002,CHEMBL5316
218,PDGFRa,PDGFRa,PDGFRA,Platelet-derived growth factor receptor alpha,TK,PDGFR,,P16234,CHEMBL2007
219,PDGFRb,PDGFRb,PDGFRB,Platelet-derived growth factor receptor beta,TK,PDGFR,,P09619,CHEMBL1913
220,PDK1,PDK1,PDPK1,3-phosphoinositide-dependent protein kinase 1,AGC,PDK1,,O15530,CHEMBL2534
221,PDHK1,PDHK1,PDK1,[Pyruvate dehydrogenase [lipoamide]] kinase isozyme 1,Atypical,PDHK,,Q15118,CHEMBL4766
222,PDHK2,PDHK2,PDK2,[Pyruvate dehydrogenase [lipoamide]] kinase isozyme 2,Atypical,PDHK,,Q15119,CHEMBL3861
223,PDHK3,PDHK3,PDK3,[Pyruvate dehydrogenase [lipoamide]] kinase isozyme 3,Atypical,PDHK,,Q15120,CHEMBL3893
224,PDHK4,PDHK4,PDK4,[Pyruvate dehydrogenase [lipoamide]] kinase isozyme 4,Atypical,PDHK,,Q16654,CHEMBL4141
225,PEK,PEK,EIF2AK3,Eukaryotic translation initiation factor 2-alpha kinase 3,Other,PEK,PEK,Q9NZJ5,CHEMBL6030
226,PFTAIRE1,PFTAIRE1,CDK14,Cyclin-dependent kinase 14,CMGC,CDK,PFTAIRE,O94921,CHEMBL6162
227,PHKg1,PHKg1,PHKG1,Phosphorylase b kinase gamma catalytic chain,CAMK,PHK,,Q16816,CHEMBL4004
228,PHKg2,PHKg2,PHKG2,Phosphorylase b kinase gamma catalytic chain,CAMK,PHK,,P15735,CHEMBL2349
229,PIM1,PIM1,PIM1,Serine/threonine-protein kinase pim-1,CAMK,PIM,,P11309,CHEMBL2147
230,PIM2,PIM2,PIM2,Serine/threonine-protein kinase pim-2,CAMK,PIM,,Q9P1W9,CHEMBL4523
231,CDK10,CDK10,CDK10,Cyclin-dependent kinase 10,CMGC,CDK,CDK10,Q15131,CHEMBL1795191
232,CDK9,CDK9,CDK9,Cyclin-dependent kinase 9,CMGC,CDK,CDK9,P50750,CHEMBL3116
233,PITSLRE,PITSLRE,CDK11B,Cyclin-dependent kinase 11B,CMGC,CDK,CDK11,P21127,CHEMBL5808
234,MELK,MELK,MELK,Maternal embryonic leucine zipper kinase,CAMK,CAMKL,MELK,Q14680,CHEMBL4578
235,MRCKa,MRCKa,CDC42BPA,Serine/threonine-protein kinase MRCK alpha,AGC,DMPK,GEK,Q5VT25,CHEMBL4516
236,PKACa,PKACa,PRKACA,cAMP-dependent protein kinase catalytic subunit alpha,AGC,PKA,,P17612,CHEMBL4101
237,PKACb,PKACb,PRKACB,cAMP-dependent protein kinase catalytic subunit beta,AGC,PKA,,P22694,CHEMBL2918
238,PKACg,PKACg,PRKACG,cAMP-dependent protein kinase catalytic subunit gamma,AGC,PKA,,P22612,CHEMBL2743
239,PKCa,PKCa,PRKCA,Protein kinase C alpha type,AGC,PKC,PKCa,P17252,CHEMBL299
240,PKCb,PKCb,PRKCB,Protein kinase C beta type,AGC,PKC,PKCa,P05771,CHEMBL3045
241,PKCd,PKCd,PRKCD,Protein kinase C delta type,AGC,PKC,PKCd,Q05655,CHEMBL2996
242,PKCe,PKCe,PRKCE,Protein kinase C epsilon type,AGC,PKC,PKCh,Q02156,CHEMBL3582
243,PKCg,PKCg,PRKCG,Protein kinase C gamma type,AGC,PKC,PKCa,P05129,CHEMBL2938
244,PKCi,PKCi,PRKCI,Protein kinase C iota type,AGC,PKC,PKCi,P41743,CHEMBL2598
245,PKD1,PKD1,PRKD1,Serine/threonine-protein kinase D1,CAMK,PKD,,Q15139,CHEMBL3863
246,PKCt,PKCt,PRKCQ,Protein kinase C theta type,AGC,PKC,PKCd,Q04759,CHEMBL3920
247,PKCz,PKCz,PRKCZ,Protein kinase C zeta type,AGC,PKC,PKCi,Q05513,CHEMBL3438
248,PRKX,PRKX,PRKX,cAMP-dependent protein kinase catalytic subunit PRKX,AGC,PKA,,P51817,CHEMBL5818
249,HIPK3,HIPK3,HIPK3,Homeodomain-interacting protein kinase 3,CMGC,DYRK,HIPK,Q9H422,CHEMBL4577
250,PLK1,PLK1,PLK1,Serine/threonine-protein kinase PLK1,Other,PLK,,P53350,CHEMBL3024
251,PLK3,PLK3,PLK3,Serine/threonine-protein kinase PLK3,Other,PLK,,Q9H4B4,CHEMBL4897
252,PKN1,PKN1,PKN1,Serine/threonine-protein kinase N1,AGC,PKN,,Q16512,CHEMBL3384
253,PKN2,PKN2,PKN2,Serine/threonine-protein kinase N2,AGC,PKN,,Q16513,CHEMBL3032
255,PRP4,PRP4,PRPF4B,Serine/threonine-protein kinase PRP4 homolog,CMGC,DYRK,PRP4,Q13523,CHEMBL1908382
257,RAF1,RAF1,RAF1,RAF proto-oncogene serine/threonine-protein kinase,TKL,RAF,,P04049,CHEMBL1906
258,RET,RET,RET,Proto-oncogene tyrosine-protein kinase receptor Ret,TK,Ret,,P07949,CHEMBL2041
259,RHOK,RHOK,GRK1,Rhodopsin kinase,AGC,GRK,GRK,Q15835,CHEMBL5607
260,RIPK1,RIPK1,RIPK1,Receptor-interacting serine/threonine-protein kinase 1,TKL,RIPK,,Q13546,CHEMBL5464
261,RIPK2,RIPK2,RIPK2,Receptor-interacting serine/threonine-protein kinase 2,TKL,RIPK,,O43353,CHEMBL5014
262,RIPK3,RIPK3,RIPK3,Receptor-interacting serine/threonine-protein kinase 3,TKL,RIPK,,Q9Y572,CHEMBL1795199
263,ROCK1,ROCK1,ROCK1,Rho-associated protein kinase 1,AGC,DMPK,ROCK,Q13464,CHEMBL3231
264,RON,RON,MST1R,Macrophage-stimulating protein receptor,TK,Met,,Q04912,CHEMBL2689
266,ROR2,ROR2,ROR2,Tyrosine-protein kinase transmembrane receptor ROR2,TK,Ror,,Q01974,CHEMBL2375201
267,ROS,ROS,ROS1,Proto-oncogene tyrosine-protein kinase ROS,TK,Sev,,P08922,CHEMBL5568
268,RSK3,RSK1,RPS6KA2,Ribosomal protein S6 kinase alpha-2,AGC,RSK,RSKp90,Q15349,CHEMBL3906
269,RSK2,RSK2,RPS6KA3,Ribosomal protein S6 kinase alpha-3,AGC,RSK,RSKp90,P51812,CHEMBL2345
270,RSK1,RSK3,RPS6KA1,Ribosomal protein S6 kinase alpha-1,AGC,RSK,RSKp90,Q15418,CHEMBL2553
272,PLK4,PLK4,PLK4,Serine/threonine-protein kinase PLK4,Other,PLK,,O00444,CHEMBL3788
273,p38b,p38b,MAPK11,Mitogen-activated protein kinase 11,CMGC,MAPK,p38,Q15759,CHEMBL3961
274,p38g,p38g,MAPK12,Mitogen-activated protein kinase 12,CMGC,MAPK,p38,P53778,CHEMBL4674
275,p38d,p38d,MAPK13,Mitogen-activated protein kinase 13,CMGC,MAPK,p38,O15264,CHEMBL2939
276,MAST1,MAST1,MAST1,Microtubule-associated serine/threonine-protein kinase 1,AGC,MAST,,Q9Y2H9,CHEMBL1163128
277,SGK1,SGK,SGK1,Serine/threonine-protein kinase Sgk1,AGC,SGK,,O00141,CHEMBL2343
278,SLK,SLK,SLK,STE20-like serine/threonine-protein kinase,STE,STE20,SLK,Q9H2G2,CHEMBL4202
279,PLK2,PLK2,PLK2,Serine/threonine-protein kinase PLK2,Other,PLK,,Q9NYY3,CHEMBL5938
280,MLK3,MLK3,MAP3K11,Mitogen-activated protein kinase kinase kinase 11,TKL,MLK,MLK,Q16584,CHEMBL2708
281,SRC,SRC,SRC,Proto-oncogene tyrosine-protein kinase Src,TK,Src,,P12931,CHEMBL267
282,SRPK1,SRPK1,SRPK1,SRSF protein kinase 1,CMGC,SRPK,,Q96SB4,CHEMBL4375
283,SRPK2,SRPK2,SRPK2,SRSF protein kinase 2,CMGC,SRPK,,P78362,CHEMBL5668
284,CDKL5,CDKL5,CDKL5,Cyclin-dependent kinase-like 5,CMGC,CDKL,,O76039,CHEMBL1163112
285,TAO2,TAO2,TAOK2,Serine/threonine-protein kinase TAO2,STE,STE20,TAO,Q9UL54,CHEMBL1075195
286,SYK,SYK,SYK,Tyrosine-protein kinase SYK,TK,Syk,,P43405,CHEMBL2599
287,TAK1,TAK1,MAP3K7,Mitogen-activated protein kinase kinase kinase 7,TKL,MLK,TAK1,O43318,CHEMBL5776
288,BMPR2,BMPR2,BMPR2,Bone morphogenetic protein receptor type-2,TKL,STKR,STKR2,Q13873,CHEMBL5467
289,TEC,TEC,TEC,Tyrosine-protein kinase Tec,TK,Tec,,P42680,CHEMBL4246
290,TIE2,TIE2,TEK,Angiopoietin-1 receptor,TK,Tie,,Q02763,CHEMBL4128
291,TESK1,TESK1,TESK1,Dual specificity testis-specific protein kinase 1,TKL,LISK,TESK,Q15569,CHEMBL5604
292,TGFbR2,TGFbR2,TGFBR2,TGF-beta receptor type-2,TKL,STKR,STKR2,P37173,CHEMBL4267
293,TIE1,TIE1,TIE1,Tyrosine-protein kinase receptor Tie-1,TK,Tie,,P35590,CHEMBL5274
295,TLK1,TLK1,TLK1,Serine/threonine-protein kinase tousled-like 1,Other,TLK,,Q9UKI8,CHEMBL5388
296,TLK2,TLK2,TLK2,Serine/threonine-protein kinase tousled-like 2,Other,TLK,,Q86UE8,CHEMBL5404
297,TNK1,TNK1,TNK1,Non-receptor tyrosine-protein kinase TNK1,TK,Ack,,Q13470,CHEMBL5334
299,TRKA,TRKA,NTRK1,High affinity nerve growth factor receptor,TK,Trk,,P04629,CHEMBL2815
300,TRKB,TRKB,NTRK2,BDNF/NT-3 growth factors receptor,TK,Trk,,Q16620,CHEMBL4898
301,TRKC,TRKC,NTRK3,NT-3 growth factor receptor,TK,Trk,,Q16288,CHEMBL5608
303,TTK,TTK,TTK,Dual specificity protein kinase TTK,Other,TTK,,P33981,CHEMBL3983
304,TXK,TXK,TXK,Tyrosine-protein kinase TXK,TK,Tec,,P42681,CHEMBL4367
305,TYK2,TYK2,TYK2,Non-receptor tyrosine-protein kinase TYK2,TK,Jak,,P29597,CHEMBL3553
306,TYRO3,TYRO3,TYRO3,Tyrosine-protein kinase receptor TYRO3,TK,Axl,,Q06418,CHEMBL5314
307,ULK1,ULK1,ULK1,Serine/threonine-protein kinase ULK1,Other,ULK,,O75385,CHEMBL6006
308,ULK2,ULK2,ULK2,Serine/threonine-protein kinase ULK2,Other,ULK,,Q8IYT8,CHEMBL5435
309,VRK1,VRK1,VRK1,Serine/threonine-protein kinase VRK1,CK1,VRK,,Q99986,CHEMBL1293199
310,VRK2,VRK2,VRK2,Serine/threonine-protein kinase VRK2,CK1,VRK,,Q86Y07,CHEMBL1649059
311,Wee1,Wee1,WEE1,Wee1-like protein kinase,Other,WEE,,P30291,CHEMBL5491
312,YES,YES,YES1,Tyrosine-protein kinase Yes,TK,Src,,P07947,CHEMBL2073
313,YSK1,YSK1,STK25,Serine/threonine-protein kinase 25,STE,STE20,YSK,O00506,CHEMBL5552
314,ZAP70,ZAP70,ZAP70,Tyrosine-protein kinase ZAP-70,TK,Syk,,P43403,CHEMBL2803
315,LZK,LZK,MAP3K13,Mitogen-activated protein kinase kinase kinase 13,TKL,MLK,LZK,O43283,CHEMBL1163124
316,DDR1,DDR1,DDR1,Epithelial discoidin domain-containing receptor 1,TK,DDR,,Q08345,CHEMBL5319
317,ADCK1,ADCK1,ADCK1,Uncharacterized aarF domain-containing protein kinase 1,Atypical,ABC1,ABC1-B,Q86TW2,CHEMBL4105885
318,KDR,KDR,KDR,Vascular endothelial growth factor receptor 2,TK,VEGFR,,P35968,CHEMBL279
319,ALK7,ALK7,ACVR1C,Activin receptor type-1C,TKL,STKR,STKR1,Q8NER5,CHEMBL5642
320,AurB,AurB,AURKB,Aurora kinase B,Other,Aur,,Q96GD4,CHEMBL2185
321,AurA,AurA,AURKA,Aurora kinase A,Other,Aur,,O14965,CHEMBL4722
322,Erk5,Erk5,MAPK7,Mitogen-activated protein kinase 7,CMGC,MAPK,ERK5,Q13164,CHEMBL5332
323,BUB1,BUB1,BUB1,Mitotic checkpoint serine/threonine-protein kinase BUB1,Other,BUB,,O43683,CHEMBL1772932
324,DDR2,DDR2,DDR2,Discoidin domain-containing receptor 2,TK,DDR,,Q16832,CHEMBL5122
326,LIMK1,LIMK1,LIMK1,LIM domain kinase 1,TKL,LISK,LIMK,P53667,CHEMBL3836
330,EphA7,EphA7,EPHA7,Ephrin type-A receptor 7,TK,Eph,,Q15375,CHEMBL4602
331,BMX,BMX,BMX,Cytoplasmic tyrosine-protein kinase BMX,TK,Tec,,P51813,CHEMBL3834
332,CTK,CTK,MATK,Megakaryocyte-associated tyrosine-protein kinase,TK,Csk,,P42679,CHEMBL4175
333,FRK,FRK,FRK,Tyrosine-protein kinase FRK,TK,Src,,P42685,CHEMBL4223
334,NEK6,NEK6,NEK6,Serine/threonine-protein kinase Nek6,Other,NEK,,Q9HC98,CHEMBL4309
335,NEK7,NEK7,NEK7,Serine/threonine-protein kinase Nek7,Other,NEK,,Q8TDX7,CHEMBL4849
336,AAK1,AAK1,AAK1,AP2-associated protein kinase 1,Other,NAK,,Q2M2I8,CHEMBL3830
337,ChaK1,ChaK1,TRPM7,Transient receptor potential cation channel subfamily M member 7,Atypical,Alpha,ChaK,Q96QT4,CHEMBL1250412
338,PYK2,PYK2,PTK2B,Protein-tyrosine kinase 2-beta,TK,FAK,,Q14289,CHEMBL5469
339,SRM,SRM,SRMS,Tyrosine-protein kinase Srms,TK,Src,,Q9H3Y6,CHEMBL5703
340,LOK,LOK,STK10,Serine/threonine-protein kinase 10,STE,STE20,SLK,O94804,CHEMBL3981
341,KHS2,KHS2,MAP4K3,Mitogen-activated protein kinase kinase kinase kinase 3,STE,STE20,KHS,Q8IVH8,CHEMBL5432
342,OSR1,OSR1,OXSR1,Serine/threonine-protein kinase OSR1,STE,STE20,FRAY,O95747,CHEMBL1163104
343,PAK6,PAK6,PAK6,Serine/threonine-protein kinase PAK 6,STE,STE20,PAKB,Q9NQU5,CHEMBL4311
344,PAK4,PAK4,PAK4,Serine/threonine-protein kinase PAK 4,STE,STE20,PAKB,O96013,CHEMBL4482
345,MST4,MST4,STK26,Serine/threonine-protein kinase MST4,STE,STE20,YSK,Q9P289,CHEMBL5941
346,STLK3,STLK3,STK39,STE20/SPS1-related proline-alanine-rich protein kinase,STE,STE20,FRAY,Q9UEW8,CHEMBL1163108
347,STLK5,STLK5,STRADA,STE20-related kinase adapter protein alpha,STE,STE20,STLK,Q7RTN6,CHEMBL1795198
348,STLK6,STLK6,STRADB,STE20-related kinase adapter protein beta,STE,STE20,STLK,Q9C0K7,CHEMBL4105756
349,TAO3,TAO3,TAOK3,Serine/threonine-protein kinase TAO3,STE,STE20,TAO,Q9H2K8,CHEMBL5701
350,TAO1,TAO1,TAOK1,Serine/threonine-protein kinase TAO1,STE,STE20,TAO,Q7L7X3,CHEMBL5261
351,HGK,ZC1/HGK,MAP4K4,Mitogen-activated protein kinase kinase kinase kinase 4,STE,STE20,MSN,O95819,CHEMBL6166
352,TNIK,ZC2/TNIK,TNIK,TRAF2 and NCK-interacting protein kinase,STE,STE20,MSN,Q9UKE5,CHEMBL4527
353,MINK,ZC3/MINK,MINK1,Misshapen-like kinase 1,STE,STE20,MSN,Q8N4C8,CHEMBL5518
355,LATS1,LATS1,LATS1,Serine/threonine-protein kinase LATS1,AGC,NDR,,O95835,CHEMBL6167
356,LATS2,LATS2,LATS2,Serine/threonine-protein kinase LATS2,AGC,NDR,,Q9NRM7,CHEMBL5907
357,CDK11,CDK11,CDK19,Cyclin-dependent kinase 19,CMGC,CDK,CDK8,Q9BWU1,CHEMBL6002
358,NIM1,NIM1,NIM1K,Serine/threonine-protein kinase NIM1,CAMK,CAMKL,NIM1,Q8IY84,CHEMBL3542
359,ULK3,ULK3,ULK3,Serine/threonine-protein kinase ULK3,Other,ULK,,Q6PHR2,CHEMBL5047
361,TTBK2,TTBK2,TTBK2,Tau-tubulin kinase 2,CK1,TTBK,,Q6IQ55,CHEMBL3337327
363,MASTL,MASTL,MASTL,Serine/threonine-protein kinase greatwall,AGC,MAST,,Q96GX5,CHEMBL4105826
364,PINK1,PINK1,PINK1,Serine/threonine-protein kinase PINK1,Other,NKF2,,Q9BXM7,CHEMBL3337330
366,MLKL,MLKL,MLKL,Mixed lineage kinase domain-like protein,TKL,TKL-Unique,,Q8NB16,CHEMBL1938217
367,DCAMKL3,DCAMKL3,DCLK3,Serine/threonine-protein kinase DCLK3,CAMK,DCAMKL,,Q9C098,CHEMBL6123
369,PFTAIRE2,PFTAIRE2,CDK15,Cyclin-dependent kinase 15,CMGC,CDK,PFTAIRE,Q96Q40,CHEMBL5856
370,STK33,STK33,STK33,Serine/threonine-protein kinase 33,CAMK,STK33,,Q9BYT3,CHEMBL6005
371,PRPK,PRPK,TP53RK,TP53-regulating kinase,Other,Bud32,,Q96S44,CHEMBL1938223
372,Erk7,Erk7,MAPK15,Mitogen-activated protein kinase 15,CMGC,MAPK,ERK7,Q8TD08,CHEMBL5198
375,YANK3,YANK3,STK32C,Serine/threonine-protein kinase 32C,AGC,YANK,,Q86UX6,CHEMBL5405
376,NEK9,NEK9,NEK9,Serine/threonine-protein kinase Nek9,Other,NEK,,Q8TD19,CHEMBL5257
377,TSSK3,TSSK3,TSSK3,Testis-specific serine/threonine-protein kinase 3,CAMK,TSSK,,Q96PN8,CHEMBL3414416
378,NuaK2,NuaK2,NUAK2,NUAK family SNF1-like kinase 2,CAMK,CAMKL,NuaK,Q9H093,CHEMBL5698
380,TSSK2,TSSK2,TSSK2,Testis-specific serine/threonine-protein kinase 2,CAMK,TSSK,,Q96PF2,CHEMBL6014
382,NEK8,NEK8,NEK8,Serine/threonine-protein kinase Nek8,Other,NEK,,Q86SG6,CHEMBL2417353
383,BARK2,BARK2,ADRBK2,Beta-adrenergic receptor kinase 2,AGC,GRK,BARK,P35626,CHEMBL1075166
385,PKD2,PKD2,PRKD2,Serine/threonine-protein kinase D2,CAMK,PKD,,Q9BZL6,CHEMBL4900
386,YANK2,YANK2,STK32B,Serine/threonine-protein kinase 32B,AGC,YANK,,Q9NY57,CHEMBL5912
387,CaMKK2,CaMKK2,CAMKK2,Calcium/calmodulin-dependent protein kinase kinase 2,Other,CAMKK,CAMKK-Meta,Q96RR4,CHEMBL5284
388,CCRK,CCRK,CDK20,Cyclin-dependent kinase 20,CMGC,CDK,,Q8IZL9,CHEMBL3559690
389,CLK4,CLK4,CLK4,Dual specificity protein kinase CLK4,CMGC,CLK,,Q9HAZ1,CHEMBL4203
390,CRK7,CRK7,CDK12,Cyclin-dependent kinase 12,CMGC,CDK,CRK7,Q9NYV4,CHEMBL3559692
391,DRAK1,DRAK1,STK17A,Serine/threonine-protein kinase 17A,CAMK,DAPK,,Q9UEE5,CHEMBL4525
392,DRAK2,DRAK2,STK17B,Serine/threonine-protein kinase 17B,CAMK,DAPK,,O94768,CHEMBL3980
393,DYRK3,DYRK3,DYRK3,Dual specificity tyrosine-phosphorylation-regulated kinase 3,CMGC,DYRK,DYRK2,O43781,CHEMBL4575
394,PKD3,PKD3,PRKD3,Serine/threonine-protein kinase D3,CAMK,PKD,,O94806,CHEMBL2595
395,GCN2,GCN2,EIF2AK4,Eukaryotic translation initiation factor 2-alpha kinase 4,Other,PEK,GCN2,Q9P2K8,CHEMBL5358
398,CLIK1,CLIK1,STK35,Serine/threonine-protein kinase 35,Other,NKF4,,Q8TDR2,CHEMBL5651
399,HH498,HH498,TNNI3K,Serine/threonine-protein kinase TNNI3K,TKL,MLK,HH498,Q59H18,CHEMBL5260
400,HIPK2,HIPK2,HIPK2,Homeodomain-interacting protein kinase 2,CMGC,DYRK,HIPK,Q9H2X6,CHEMBL4576
401,HRI,HRI,EIF2AK1,Eukaryotic translation initiation factor 2-alpha kinase 1,Other,PEK,,Q9BQI3,CHEMBL6029
402,ICK,ICK,ICK,Serine/threonine-protein kinase ICK,CMGC,RCK,,Q9UPZ9,CHEMBL1163126
403,IRE2,IRE2,ERN2,Serine/threonine-protein kinase/endoribonuclease IRE2,Other,IRE,,Q76MJ5,CHEMBL4105932
404,PASK,PASK,PASK,PAS domain-containing serine/threonine-protein kinase,CAMK,CAMKL,PASK,Q96RG2,CHEMBL6054
405,NDR2,NDR2,STK38L,Serine/threonine-protein kinase 38-like,AGC,NDR,,Q9Y2H1,CHEMBL4851
406,QSK,QSK,SIK3,Serine/threonine-protein kinase SIK3,CAMK,CAMKL,QIK,Q9Y2K2,CHEMBL6149
407,HUNK,HUNK,HUNK,Hormonally up-regulated neu tumor-associated kinase,CAMK,CAMKL,HUNK,P57058,CHEMBL1795165
408,MAP3K6,MAP3K6,MAP3K6,Mitogen-activated protein kinase kinase kinase 6,STE,STE11,,O95382,CHEMBL1163123
409,ZAK,ZAK,,Mitogen-activated protein kinase kinase kinase MLT,TKL,MLK,ZAK,Q9NYL2,CHEMBL3886
410,MOK,MOK,MOK,MAPK/MAK/MRK overlapping kinase,CMGC,RCK,,Q9UQ07,CHEMBL4295983
411,MPSK1,MPSK1,STK16,Serine/threonine-protein kinase 16,Other,NAK,,O75716,CHEMBL3938
412,MSSK1,MSSK1,SRPK3,SRSF protein kinase 3,CMGC,SRPK,,Q9UPE1,CHEMBL5415
413,Wnk1,Wnk1,WNK1,Serine/threonine-protein kinase WNK1,Other,WNK,,Q9H4A3,CHEMBL1075173
414,CDKL3,CDKL3,CDKL3,Cyclin-dependent kinase-like 3,CMGC,CDKL,,Q8IVW4,CHEMBL1163117
415,PAK5,PAK5,PAK7,Serine/threonine-protein kinase PAK 7,STE,STE20,PAKB,Q9P286,CHEMBL4524
416,PKN3,PKN3,PKN3,Serine/threonine-protein kinase N3,AGC,PKN,,Q6P5Z2,CHEMBL3627581
417,QIK,QIK,SIK2,Serine/threonine-protein kinase SIK2,CAMK,CAMKL,QIK,Q9H0K1,CHEMBL5699
418,MARK4,MARK4,MARK4,MAP/microtubule affinity-regulating kinase 4,CAMK,CAMKL,MARK,Q96L34,CHEMBL5754
419,SgK496,SgK496,DSTYK,Dual serine/threonine and tyrosine protein kinase,Other,Dusty,,Q6XUX3,CHEMBL1908386
420,RSKL1,RSKL1,RPS6KC1,Ribosomal protein S6 kinase delta-1,AGC,RSKL,,Q96S38,CHEMBL1795193
421,RSK4,RSK4,RPS6KA6,Ribosomal protein S6 kinase alpha-6,AGC,RSK,RSKp90,Q9UK32,CHEMBL4924
424,SGK2,SGK2,SGK2,Serine/threonine-protein kinase Sgk2,AGC,SGK,,Q9HBY8,CHEMBL5794
425,SSTK,SSTK,TSSK6,Testis-specific serine/threonine-protein kinase 6,CAMK,TSSK,,Q9BXA6,CHEMBL3627582
426,SGK3,SGK3,SGK3,Serine/threonine-protein kinase Sgk3,AGC,SGK,,Q96BR1,CHEMBL6186
427,TTBK1,TTBK1,TTBK1,Tau-tubulin kinase 1,CK1,TTBK,,Q5TCY1,CHEMBL1926492
428,DCAMKL2,DCAMKL2,DCLK2,Serine/threonine-protein kinase DCLK2,CAMK,DCAMKL,,Q8N568,CHEMBL5519
430,PBK,PBK,PBK,Lymphokine-activated killer T-cell-originated protein kinase,Other,TOPK,,Q96KB5,CHEMBL4896
432,TBK1,TBK1,TBK1,Serine/threonine-protein kinase TBK1,Other,IKK,,Q9UHD2,CHEMBL5408
433,TESK2,TESK2,TESK2,Dual-specificity testis-specific protein kinase 2,TKL,LISK,TESK,Q96S53,CHEMBL2069163
435,TSSK4,TSSK4,TSSK4,Testis-specific serine/threonine-protein kinase 4,CAMK,TSSK,,Q6SA08,CHEMBL4295868
436,VRK3,VRK3,VRK3,Inactive serine/threonine-protein kinase VRK3,CK1,VRK,,Q8IV63,CHEMBL3430761
437,caMLCK,caMLCK,MYLK3,Myosin light chain kinase 3,CAMK,MLCK,,Q32MK0,CHEMBL4627
439,CK1a2,CK1a2,CSNK1A1L,Casein kinase I isoform alpha-like,CK1,CK1,,Q8N752,CHEMBL5520
440,ANKRD3,ANKRD3,RIPK4,Receptor-interacting serine/threonine-protein kinase 4,TKL,RIPK,,P57078,CHEMBL6083
441,NEK5,NEK5,NEK5,Serine/threonine-protein kinase Nek5,Other,NEK,,Q6P3R8,CHEMBL5044
442,CaMK1d,CaMK1d,CAMK1D,Calcium/calmodulin-dependent protein kinase type 1D,CAMK,CAMK1,,Q8IU85,CHEMBL5073
443,MAP3K19,MAP3K8,MAP3K19,Mitogen-activated protein kinase kinase kinase 19,STE,STE11,,Q56UN5,CHEMBL6191
444,NEK11,NEK11,NEK11,Serine/threonine-protein kinase Nek11,Other,NEK,,Q8NG66,CHEMBL5638
445,GPRK7,GPRK7,GRK7,G protein-coupled receptor kinase 7,AGC,GRK,GRK,Q8WTQ7,CHEMBL1075133
447,HIPK4,HIPK4,HIPK4,Homeodomain-interacting protein kinase 4,CMGC,DYRK,HIPK,Q8NE63,CHEMBL1075167
448,MYO3B,MYO3B,MYO3B,Myosin-IIIb,STE,STE20,NinaC,Q8WXR4,CHEMBL5654
449,Wnk4,Wnk4,WNK4,Serine/threonine-protein kinase WNK4,Other,WNK,,Q96J92,CHEMBL1795196
450,SgK110,SgK110,SBK3,Putative uncharacterized serine/threonine-protein kinase SgK110,Other,NKF1,,P0C264,CHEMBL5116
451,BRSK1,BRSK1,BRSK1,Serine/threonine-protein kinase BRSK1,CAMK,CAMKL,BRSK,Q8TDC3,CHEMBL5650
454,SIK,SIK,SIK1,Serine/threonine-protein kinase SIK1,CAMK,CAMKL,QIK,P57059,CHEMBL6082
455,KSR2,KSR2,KSR2,Kinase suppressor of Ras 2,TKL,RAF,,Q6VAB6,CHEMBL3627583
456,RIOK3,RIOK3,RIOK3,Serine/threonine-protein kinase RIO3,Atypical,RIO,RIO3,O14730,CHEMBL5659
457,ADCK3,ADCK3,ADCK3,Chaperone activity of bc1 complex-like,Atypical,ABC1,ABC1-A,Q8NI60,CHEMBL5550
458,RIOK1,RIOK1,RIOK1,Serine/threonine-protein kinase RIO1,Atypical,RIO,RIO1,Q9BRS2,CHEMBL5975
459,YANK1,YANK1,STK32A,Serine/threonine-protein kinase 32A,AGC,YANK,,Q8WU08,CHEMBL6150
460,SNRK,SNRK,SNRK,SNF-related serine/threonine-protein kinase,CAMK,CAMKL,SNRK,Q9NRH2,CHEMBL1908384
463,MYO3A,MYO3A,MYO3A,Myosin-IIIa,STE,STE20,NinaC,Q8NEV4,CHEMBL5546
464,Wnk3,Wnk3,WNK3,Serine/threonine-protein kinase WNK3,Other,WNK,,Q9BYP7,CHEMBL6055
466,NEK10,NEK10,NEK10,Serine/threonine-protein kinase Nek10,Other,NEK,,Q6ZWH5,CHEMBL3108655
467,EphA6,EphA6,EPHA6,Ephrin type-A receptor 6,TK,Eph,,Q9UF33,CHEMBL4526
468,CK1g1,CK1g1,CSNK1G1,Casein kinase I isoform gamma-1,CK1,CK1,,Q9HCP0,CHEMBL2426
469,SgK269,SgK269,PEAK1,Pseudopodium-enriched atypical kinase 1,Other,NKF3,,Q9H792,CHEMBL3627585
470,SBK,SBK,SBK1,Serine/threonine-protein kinase SBK1,Other,NKF1,,Q52WX2,CHEMBL1163129
471,SgK396,SgK396,STK31,Serine/threonine-protein kinase 31,Other,Other-Unique,,Q9BXU1,CHEMBL6151
472,SgK288,SgK288,ANKK1,Ankyrin repeat and protein kinase domain-containing protein 1,TKL,RIPK,,Q8NFD2,CHEMBL5547
474,CaMK1b,CaMK1b,PNCK,Calcium/calmodulin-dependent protein kinase type 1B,CAMK,CAMK1,,Q6P2M8,CHEMBL3627592
476,SMG1,SMG1,SMG1,Serine/threonine-protein kinase SMG1,Atypical,PIKK,SMG1,Q96Q15,CHEMBL1795195
477,skMLCK,skMLCK,MYLK2,Myosin light chain kinase 2,CAMK,MLCK,,Q9H1R3,CHEMBL2777
478,MAP3K7,MAP3K7,MAP3K15,Mitogen-activated protein kinase kinase kinase 15,STE,STE11,,Q6ZN16,CHEMBL1163127
479,LRRK2,LRRK2,LRRK2,Leucine-rich repeat serine/threonine-protein kinase 2,TKL,LRRK,,Q5S007,CHEMBL1075104
480,MLK4,MLK4,,Mitogen-activated protein kinase kinase kinase MLK4,TKL,MLK,MLK,Q5TCX8,CHEMBL3627584
481,Haspin,Haspin,GSG2,Serine/threonine-protein kinase haspin,Other,Haspin,,Q8TF76,CHEMBL1075163
483,CRIK,CRIK,CIT,Citron Rho-interacting kinase,AGC,DMPK,,O14578,CHEMBL5579
484,CaMKK1,CaMKK1,CAMKK1,Calcium/calmodulin-dependent protein kinase kinase 1,Other,CAMKK,CAMKK-Meta,Q8N5S9,CHEMBL5256
487,MAST4,MAST4,MAST4,Microtubule-associated serine/threonine-protein kinase 4,AGC,MAST,,O15021,CHEMBL2417351
488,CaMK2d,CaMK2d,CAMK2D,Calcium/calmodulin-dependent protein kinase type II subunit delta,CAMK,CAMK2,,Q13557,CHEMBL2801
489,BIKE,BIKE,BMP2K,BMP-2-inducible protein kinase,Other,NAK,,Q9NSY1,CHEMBL4522
490,TSSK1,TSSK1,TSSK1B,Testis-specific serine/threonine-protein kinase 1,CAMK,TSSK,,Q9BXA7,CHEMBL6003
492,SgK085,SgK085,MYLK4,Myosin light chain kinase family member 4,CAMK,MLCK,,Q86YV6,CHEMBL5426
494,DAPK3,DAPK3,DAPK3,Death-associated protein kinase 3,CAMK,DAPK,,O43293,CHEMBL2468
495,Wee1B,Wee1B,WEE2,Wee1-like protein kinase 2,Other,WEE,,P0C1S8,CHEMBL5095
496,RNAseL,RNAseL,RNASEL,2-5A-dependent ribonuclease,Other,Other-Unique,,Q05823,CHEMBL3575
497,ChaK2,ChaK2,TRPM6,Transient receptor potential cation channel subfamily M member 6,Atypical,Alpha,ChaK,Q9BX84,CHEMBL1628470
498,RIOK2,RIOK2,RIOK2,Serine/threonine-protein kinase RIO2,Atypical,RIO,RIO2,Q9BVS4,CHEMBL6000
501,BRD2,BRD2,BRD2,Bromodomain-containing protein 2,Atypical,BRD,,P25440,CHEMBL1293289
502,BRD3,BRD3,BRD3,Bromodomain-containing protein 3,Atypical,BRD,,Q15059,CHEMBL1795186
503,BRD4,BRD4,BRD4,BRD4 protein,Atypical,BRD,,O60885,CHEMBL1163125
504,BRDT,BRDT,BRDT,Bromodomain testis-specific protein,Atypical,BRD,,Q58F21,CHEMBL1795185
506,ADCK5,ADCK5,ADCK5,Uncharacterized aarF domain-containing protein kinase 5,Atypical,ABC1,ABC1-D,Q3MIX3,CHEMBL4105886
507,TIF1a,TIF1a,TRIM24,Transcription intermediary factor 1-alpha,Atypical,TIF1,,O15164,CHEMBL3108638
508,TIF1b,TIF1b,TRIM28,Transcription intermediary factor 1-beta,Atypical,TIF1,,Q13263,CHEMBL3769297
509,TIF1g,TIF1g,TRIM33,E3 ubiquitin-protein ligase TRIM33,Atypical,TIF1,,Q9UPN9,CHEMBL2176772
510,JAK1_b,Domain2_JAK1,JAK1,Tyrosine-protein kinase JAK1,TK,JakB,,P23458,CHEMBL2835
511,JAK2_b,Domain2_JAK2,JAK2,Tyrosine-protein kinase JAK2,TK,JakB,,O60674,CHEMBL2971
512,JAK3_b,Domain2_JAK3,JAK3,Tyrosine-protein kinase JAK3,TK,JakB,,P52333,CHEMBL2148
513,MSK1_b,Domain2_MSK1,RPS6KA5,Ribosomal protein S6 kinase alpha-5,CAMK,RSKb,MSKb,O75582,CHEMBL4237
514,MSK2_b,Domain2_MSK2,RPS6KA4,Ribosomal protein S6 kinase alpha-4,CAMK,RSKb,MSKb,O75676,CHEMBL3125
515,RSK3_b,Domain2_RSK1,RPS6KA2,Ribosomal protein S6 kinase alpha-2,CAMK,RSKb,RSKb,Q15349,CHEMBL3906
516,RSK2_b,Domain2_RSK2,RPS6KA3,Ribosomal protein S6 kinase alpha-3,CAMK,RSKb,RSKb,P51812,CHEMBL2345
517,RSK1_b,Domain2_RSK3,RPS6KA1,Ribosomal protein S6 kinase alpha-1,CAMK,RSKb,RSKb,Q15418,CHEMBL2553
518,TYK2_b,Domain2_TYK2,TYK2,Non-receptor tyrosine-protein kinase TYK2,TK,JakB,,P29597,CHEMBL3553
519,GCN2_b,Domain2_GCN2,EIF2AK4,Eukaryotic translation initiation factor 2-alpha kinase 4,STE,STE-Unique,,Q9P2K8,CHEMBL5358
520,RSK4_b,Domain2_RSK4,RPS6KA6,Ribosomal protein S6 kinase alpha-6,CAMK,RSKb,RSKb,Q9UK32,CHEMBL4924
523,PAN3,PAN3,PAN3,PAB-dependent poly(A)-specific ribonuclease subunit 3,Other,PAN3,,Q58A45,CHEMBL4105985
526,TAF1,TAF1,TAF1,Transcription initiation factor TFIID subunit 1,Atypical,TAF1,,P21675,CHEMBL3217390
527,TAF1L,TAF1L,TAF1L,Transcription initiation factor TFIID subunit 1-like,Atypical,TAF1,,Q8IZX4,CHEMBL3108641
528,BCR,BCR,BCR,Breakpoint cluster region protein,Atypical,BCR,,P11274,CHEMBL5146
532,Col4A3BP,Col4A3BP,COL4A3BP,Collagen type IV alpha-3-binding protein,Atypical,Col4A3BP,,Q9Y5P4,CHEMBL3399913
534,BAZ1A,BAZ1A,BAZ1A,Bromodomain adjacent to zinc finger domain protein 1A,Atypical,BAZ,,Q9NRL2,CHEMBL4105737
535,BAZ1B,BAZ1B,BAZ1B,Tyrosine-protein kinase BAZ1B,Atypical,BAZ,,Q9UIG0,CHEMBL3588730
